{"cameraMode":{"drawMode":0,"name":"Shaded","section":"Shading Mode"},"sceneLighting":true,"audioPlay":false,"sceneViewState":{"showFog":true,"showMaterialUpdate":false,"showSkybox":true,"showFlares":true,"showImageEffects":true,"showParticleSystems":true},"in2DMode":false,"pivot":{"x":-0.07130169868469238,"y":-1.9608827829360963,"z":0.34710693359375},"rotation":{"x":-0.03146640211343765,"y":0.14550542831420899,"z":-0.004627355840057135,"w":-0.9888527393341065},"size":0.8926050066947937,"orthographic":false}